Módulo;Aula;Descrição;Preview Gratuita;Publicada;Conteúdo;Pergunta;Tipo;Opções;Resposta Correta;Explicação
Módulo 1: Diagnóstico e Autoconhecimento Profissional;;Fase R — Realidade e Direção. O aluno passa do desejo genérico de trabalhar fora para um diagnóstico concreto de ponto de partida: carreira, skills, inglês, finanças, família e energia. Fecha o módulo com um Mapa de Rotas real.;;;;;;;;;
;Aula 1.1: A Verdade Sobre Carreira Internacional Hoje;Nesta aula de abertura, você coloca os óculos da realidade sobre o mercado internacional. Entenda o cenário real de oportunidades para brasileiros qualificados, as 3 ilusões mais perigosas e por que sua carreira atual é seu maior ativo.;Sim;Sim;Checklist de Realidade — 5 perguntas sobre expectativas e situação atual.;;;;
;;;;;;Qual das alternativas representa uma ilusão perigosa sobre carreira internacional?;multiple_choice;"Planejar a rota com base na carreira atual|Chegando lá eu vejo o que faço|Calcular reserva financeira antes de sair|Investir em inglês funcional antes da mudança";Chegando lá eu vejo o que faço;Esta é a Fantasia #1 descrita na lição — quem chega sem plano enfrenta desastre financeiro e emocional.
;;;;;;O que diferencia profissionais brasileiros no mercado global?;multiple_choice;"Falta de base técnica|Boa base técnica com gaps em comunicação e narrativa profissional|Excesso de soft skills globais|Inglês já no nível avançado";Boa base técnica com gaps em comunicação e narrativa profissional;Brasileiros têm boa formação técnica mas precisam ajustar comunicação e narrativa para o padrão internacional.
;Aula 1.2: Autodiagnóstico 360°;Faça um raio X completo do seu ponto de partida em 6 dimensões essenciais: carreira, skills, inglês, finanças, família e energia. Este documento será a base de todas as decisões seguintes do curso.;Não;Sim;Questionário de Autodiagnóstico 360° — planilha com as 6 dimensões.;;;;
;;;;;;Qual das opções NÃO é uma das 6 dimensões do Autodiagnóstico 360°?;multiple_choice;"Finanças e reserva financeira|Histórico escolar e notas acadêmicas|Energia, saúde mental e tempo disponível|Família e contexto pessoal";Histórico escolar e notas acadêmicas;O autodiagnóstico foca em dimensões práticas e atuais da vida do aluno — não no histórico acadêmico.
;;;;;;Por que avaliar o inglês de forma funcional e não apenas por nível?;multiple_choice;"Porque o nível formal não importa para recrutadores|Porque o que define a rota é o que você consegue fazer em inglês, não o certificado|Porque todo brasileiro já tem inglês suficiente|Porque inglês não influencia na escolha da rota";Porque o que define a rota é o que você consegue fazer em inglês, não o certificado;O mercado avalia capacidade de comunicação real, não certificação.
;Aula 1.3: O Que Trava e o Que Te Move — Runway e Perfil de Risco;Transforme sua situação financeira em dados concretos. Calcule seu runway — quantos meses consegue sustentar a transição — e descubra se seu perfil é conservador, moderado ou agressivo.;Não;Sim;Planilha de Runway — receita, custos, reserva e possibilidade de renda remota.;;;;
;;;;;;O que significa ter um runway de 3 meses para a carreira internacional?;multiple_choice;"Você tem 3 meses para decidir se vai ou não|Você consegue sustentar a transição por apenas 3 meses sem renda nova|Você precisa de 3 meses de preparação de inglês|Você tem 3 vagas abertas para aplicar";Você consegue sustentar a transição por apenas 3 meses sem renda nova;Runway é o tempo de sustentação financeira da transição antes de precisar se segurar em qualquer coisa.
;;;;;;Qual perfil de risco se encaixa melhor na rota de remoto global ainda no Brasil?;multiple_choice;"Agressivo — pouca reserva, parte logo|Conservador ou moderado — quer testar antes de se comprometer totalmente|Qualquer perfil, pois o remoto não tem risco|Apenas perfis com mais de 10 anos de experiência";Conservador ou moderado — quer testar antes de se comprometer totalmente;O remoto global permite testar o mercado com menor comprometimento financeiro e pessoal.
;Aula 1.4: Arquétipos de Transição Internacional — Critérios para Decidir Sem Se Enganar;Transforme o diagnóstico em filtros práticos de decisão. Defina o que é inegociável e o que é flexível para você, e aprenda a distinguir uma decisão consciente de autoengano.;Não;Sim;Matriz de Critérios — 3 inegociáveis e 3 flexíveis.;;;;
;;;;;;O que é um critério inegociável na Matriz de Critérios?;multiple_choice;"Algo que você prefere, mas pode abrir mão|Algo que, se não for atendido, inviabiliza a rota para você|O salário mínimo que você aceita|A cidade exata onde quer morar";Algo que, se não for atendido, inviabiliza a rota para você;Inegociável é o limite real — não uma preferência. Sem ele, a rota não faz sentido.
;;;;;;Concluir que esta rota faz sentido, mas não agora é sinal de quê?;multiple_choice;"Falta de coragem e comprometimento|Decisão madura e baseada em realidade|Que a rota nunca vai funcionar para você|Que você precisa mudar de área profissional";Decisão madura e baseada em realidade;Adiar ou mudar rota com base em dados é decisão estratégica, não fracasso.
;Aula 1.5: Mapeando Suas Rotas Possíveis;Feche o Módulo 1 transformando diagnóstico, runway e critérios em um documento concreto: 2 a 3 rotas reais com prós, contras, pré-requisitos e riscos. Sai desta aula com o Mapa de Rotas preenchido.;Não;Sim;Template Mapa de Rotas — 2 a 3 rotas com prós, contras e requisitos específicos.;;;;
;;;;;;Por que limitar o Mapa de Rotas a 2 ou 3 opções?;multiple_choice;"Porque existem apenas 3 rotas possíveis|Porque ter muitas opções paralisa — 2 a 3 rotas bem definidas dão foco e segurança|Porque o curso só cobre 3 tipos de rota|Porque rotas demais aumentam o custo da mudança";Porque ter muitas opções paralisa — 2 a 3 rotas bem definidas dão foco e segurança;Clareza e foco são mais eficazes do que tentar cobrir todas as possibilidades.
;;;;;;Qual rota representa menor risco financeiro inicial para quem ainda está no Brasil?;multiple_choice;"Estudo + trabalho fora|Remoto global — trabalhar para empresa estrangeira morando no Brasil|Relocation imediato sem emprego garantido|Transferência interna";Remoto global — trabalhar para empresa estrangeira morando no Brasil;O remoto global permite ganhar experiência internacional sem custo de mudança de país.
Módulo 2: O que é ser Contratável no Mercado Internacional;;Fase O — Organização da Marca Profissional. O aluno constrói resume, LinkedIn e pitch no padrão americano, aprende a passar pelos filtros de IA e ATS, e desenvolve sua narrativa profissional internacional.;;;;;;;;;
;Aula 2.1: O que é ser "contratável" no padrão EUA;Entenda a lógica que recrutadores americanos usam para avaliar candidatos. Aprenda a diferença entre tarefa, entrega e impacto, conheça os 4 pilares de avaliação e descubra como posicionar sua experiência para o jogo internacional.;Sim;Sim;Exercício: Convertendo Tarefas em Bullets de Resultado.;;;;
;;;;;;Qual bullet representa IMPACTO e não tarefa?;multiple_choice;"Responsável pelos relatórios de vendas|Entregava relatórios semanais para o diretor|Aumentei a previsibilidade de vendas e contribuí para crescimento de 15% no fechamento de contratos|Trabalhei na área de análise de dados por 3 anos";Aumentei a previsibilidade de vendas e contribuí para crescimento de 15% no fechamento de contratos;Impacto = o que mudou no negócio por causa do seu trabalho — com métricas e resultado concreto.
;;;;;;Quais são os 4 pilares de avaliação no padrão EUA?;multiple_choice;"Formação, experiência, idioma e localização|Contexto, papel/senioridade, resultado e comportamento|Cargo, salário anterior, tempo de empresa e referências|LinkedIn, resume, pitch e networking";Contexto, papel/senioridade, resultado e comportamento;Empresas americanas avaliam o tipo de empresa em que você atuou, seu nível, o que entregou e como se comporta.
;Aula 2.2: Construindo o Resume EUA;Monte um currículo no padrão americano — focado em resultado, 1 a 2 páginas, limpo e pronto para competir. Estrutura das seções obrigatórias, fórmula para bullets de impacto e os erros mais comuns que eliminam candidatos.;Não;Sim;Template Resume EUA — modelo editável com exemplos de bullets por área.;;;;
;;;;;;Qual é a fórmula correta para um bullet de resultado no Resume EUA?;multiple_choice;"Cargo + empresa + período + cidade|Verbo de ação + o que fez + como fez + resultado/impacto|Descrição das responsabilidades em parágrafo|Lista de tarefas realizadas no dia a dia";Verbo de ação + o que fez + como fez + resultado/impacto;Esta fórmula garante que o bullet comunique ação, contexto e impacto mensurável.
;;;;;;Qual informação NÃO deve aparecer em um Resume EUA?;multiple_choice;"LinkedIn e localização no header|Foto, estado civil e CPF|Skills técnicas relevantes para a rota|Métricas e percentuais nos bullets";Foto, estado civil e CPF;O padrão americano não inclui dados pessoais — apenas informações profissionais relevantes.
;Aula 2.3: IA, ATS e o Filtro Invisível no Currículo;Antes de chegar a um humano, seu currículo passa por sistemas automatizados. Aprenda como ATS e IA funcionam, ajuste formatação e palavras-chave para não ser eliminado, e use IA a seu favor sem perder autenticidade.;Não;Sim;Checklist Resume & LinkedIn IA-Ready — verificação ponto a ponto.;;;;
;;;;;;Por que colunas e tabelas complexas no currículo são um problema?;multiple_choice;"Recrutadores preferem currículos coloridos|Sistemas ATS têm dificuldade em ler formatação complexa e podem ignorar o conteúdo|O Word não suporta tabelas em PDF|Currículos com tabelas parecem desatualizados";Sistemas ATS têm dificuldade em ler formatação complexa e podem ignorar o conteúdo;ATS lê texto linear — formatação complexa pode fazer o sistema ignorar informações críticas do currículo.
;;;;;;Qual é a forma CORRETA de usar IA na preparação do resume?;multiple_choice;"Copiar e colar o texto gerado pela IA diretamente|Pedir que a IA crie o resume completo|Usar IA para revisar clareza e sugerir melhorias — mantendo autenticidade|Evitar completamente o uso de IA";Usar IA para revisar clareza e sugerir melhorias — mantendo autenticidade;IA é aliada para revisão e ajuste, não para substituir a autenticidade do candidato.
;Aula 2.4: LinkedIn como Página de Vendas Internacional;Transforme seu perfil em uma landing page de autoridade: headline que posiciona claramente, seção About em 3 blocos, sinalizações corretas da rota internacional. Com checklist de ajustes imediatos.;Não;Sim;Checklist LinkedIn Internacional — headline, About, skills, Open to Work e idioma.;;;;
;;;;;;O que uma boa headline no LinkedIn deve comunicar?;multiple_choice;"Apenas o cargo atual e o nome da empresa|O que você faz, para quem, em qual contexto — e pista da rota internacional quando relevante|Uma frase motivacional sobre sua carreira|O número de anos de experiência e certificações";O que você faz, para quem, em qual contexto — e pista da rota internacional quando relevante;A headline é o primeiro filtro — precisa comunicar posicionamento em poucos caracteres.
;;;;;;Qual é a diferença entre LinkedIn como CV online e como página de vendas?;multiple_choice;"O CV online tem mais detalhes, a página de vendas é mais curta|A página de vendas conta história de resultados e sinaliza rota — o CV apenas lista cargos|A página de vendas é em inglês, o CV é em português|Não há diferença prática";A página de vendas conta história de resultados e sinaliza rota — o CV apenas lista cargos;LinkedIn como página de vendas atrai oportunidades ativamente — CV online é passivo.
;Aula 2.5: Seu Pitch Internacional (PT e EN);Currículo e LinkedIn prontos — agora conte sua história ao vivo. Construa um pitch de 30 a 60 segundos em português e em inglês, com frases-modelo para entrevistas, networking e bio.;Não;Sim;Template de Pitch Internacional — estrutura em 3 blocos com frases-modelo em PT e EN.;;;;
;;;;;;Qual é a estrutura correta do pitch internacional em 3 blocos?;multiple_choice;"Formação + cargo atual + pretensão salarial|Quem você é (papel + contexto) + o que já entregou + para onde está indo|Objetivo profissional + experiências + habilidades|Nome + empresa atual + tempo de experiência";Quem você é (papel + contexto) + o que já entregou + para onde está indo;Esta estrutura conecta identidade, prova de valor e direção — os 3 elementos que recrutadores querem ouvir.
;;;;;;Em uma entrevista em inglês, o pitch responde qual pergunta clássica?;multiple_choice;"What are your weaknesses?|Where do you see yourself in 5 years?|Tell me about yourself|Why do you want to work here?";Tell me about yourself;O pitch de 30–60 segundos é a resposta ideal para esta abertura universal de entrevistas.
Módulo 3: Rota + Oportunidades e Vistos em Alto Nível;;Fase R — Realidade e Direção. O aluno entende o menu real de oportunidades, aprende como carreira e imigração se conectam e fecha o módulo com rota principal e plano B documentados.;;;;;;;;;
;Aula 3.1: Tipos de Oportunidades Internacionais na Prática;Saia do desejo genérico e conheça o menu real: remoto global, relocation, estudo + trabalho, transferência interna e transição gradual. Prós, contras e pré-requisitos de cada caminho.;Sim;Sim;Comparativo de Rotas Internacionais — tabela com as 5 rotas por perfil.;;;;
;;;;;;Qual rota representa o menor risco financeiro inicial para quem ainda está no Brasil?;multiple_choice;"Relocation direto para empresa nos EUA|Remoto global — trabalhar para empresa estrangeira morando no Brasil|Estudo + trabalho com visto de estudante|Mudança imediata sem emprego garantido";Remoto global — trabalhar para empresa estrangeira morando no Brasil;No remoto global você mantém sua base no Brasil enquanto constrói experiência e portfólio internacional.
;;;;;;A rota de transferência interna é mais indicada para quem?;multiple_choice;"Acabou de entrar no mercado de trabalho|Quer ir de forma rápida e sem burocracia|Já trabalha em multinacional com presença nos EUA e planejou esse movimento com antecedência|Não tem inglês funcional ainda";Já trabalha em multinacional com presença nos EUA e planejou esse movimento com antecedência;Transferência interna exige planejamento de 2–4 anos e relacionamento com liderança global.
;Aula 3.2: Como Carreira e Imigração se Conectam;Visto não é solução mágica — é ferramenta com lastro de carreira. Entenda o que é decisão sua, o que é trabalho de advogado e como certas rotas de carreira abrem espaço para certas opções de visto.;Não;Sim;Guia: O que levar para consulta com advogado de imigração.;;;;
;;;;;;O que o visto de trabalho realmente representa no processo?;multiple_choice;"A solução principal — basta conseguir o visto|Uma ferramenta que formaliza legalmente uma oportunidade que a carreira criou|Algo que independe da carreira do profissional|Um atalho para evitar o processo de busca de emprego";Uma ferramenta que formaliza legalmente uma oportunidade que a carreira criou;Carreira vem antes. O visto formaliza a oportunidade que você construiu.
;;;;;;Qual é a pergunta CERTA para levar a um advogado de imigração?;multiple_choice;"Qual visto consigo mais rápido?|Posso entrar ilegalmente e regularizar depois?|Estou seguindo essa rota de carreira — quais vistos podem fazer sentido para mim no ponto X?|Qual visto permite trabalhar em qualquer área?";Estou seguindo essa rota de carreira — quais vistos podem fazer sentido para mim no ponto X?;Advogado precisa de contexto de carreira para orientar corretamente — não apenas do desejo de ter um visto.
;Aula 3.3: Rotas Típicas de Brasileiros Qualificados — Padrões Reais;Entenda os padrões reais de como brasileiros qualificados têm conseguido oportunidades internacionais. Quais perfis se encaixam em cada rota? Quais trade-offs aparecem com mais frequência? Sem romantizar.;Não;Sim;Padrões de Rota por Perfil Profissional — mapeamento por área e senioridade.;;;;
;;;;;;Por que conhecer padrões de outros brasileiros ao escolher sua rota é estratégico?;multiple_choice;"Para copiar exatamente o que os outros fizeram|Para entender o que tende a funcionar para perfis parecidos e ajustar ao seu contexto|Porque o que funcionou para outros vai funcionar automaticamente|Para evitar qualquer risco";Para entender o que tende a funcionar para perfis parecidos e ajustar ao seu contexto;Padrões não são garantias — mas reduzem erros e aumentam a clareza na tomada de decisão.
;;;;;;A rota de estudo + trabalho é mais comum em qual perfil?;multiple_choice;"Profissionais sêniores em tecnologia com inglês avançado|Profissionais em transição de área ou requalificação para o mercado americano|Quem já está em multinacional com operação nos EUA|Profissionais com menos de 2 anos de experiência";Profissionais em transição de área ou requalificação para o mercado americano;Estudo + trabalho oferece bridge de credencial e networking local para quem precisa reposicionar a carreira.
;Aula 3.4: Escolhendo Sua Rota Principal e Plano B;Feche o módulo com uma decisão prática: qual rota vai priorizar, com qual prazo, e qual Plano B caso algo não saia como esperado. Template para documentar a escolha e checkpoint oficial a cada 6 meses.;Não;Sim;Template: Minha Rota Principal + Plano B — rota, prazo, ações, riscos e critérios para pivotar.;;;;
;;;;;;O que caracteriza um Plano B inteligente?;multiple_choice;"É completamente diferente da rota principal|É uma rota alternativa que aproveita o mesmo investimento de preparação (inglês, portfólio, networking)|É uma opção mais fácil e sem pré-requisitos|É um plano para desistir da carreira internacional";É uma rota alternativa que aproveita o mesmo investimento de preparação (inglês, portfólio, networking);Plano B inteligente não desperdiça o que você já investiu — complementa a rota principal.
;;;;;;Por que não decidir uma rota também tem custo?;multiple_choice;"Porque o curso exige que você escolha para avançar|Porque ficar indefinido gera desperdício de energia, tempo e dinheiro sem direção clara|Porque a rota é permanente e difícil de mudar|Porque sem rota definida o visto não é aprovado";Porque ficar indefinido gera desperdício de energia, tempo e dinheiro sem direção clara;Indefinição não é neutralidade — é custo invisível de tempo e energia sem retorno.
Módulo 4: Preparação no Brasil (6 a 12 Meses);;Fase T — Tração no Mercado Global. O aluno mapeia seus gaps prioritários, monta plano de inglês funcional, começa networking ainda no Brasil e usa remoto global como laboratório antes de mudar de país.;;;;;;;;;
;Aula 4.1: O Que Falta em Você para Jogar o Jogo Internacional;Transforme o diagnóstico do Módulo 1 e a rota do Módulo 3 em um raio X dos gaps prioritários. Aprenda a diferença entre gap crítico e cosmético e saia com lista priorizada dos 3 a 5 pontos a desenvolver.;Não;Sim;Planilha de Gaps Prioritários — hard skills, inglês e soft skills com classificação crítico/cosmético.;;;;
;;;;;;O que diferencia um gap crítico de um gap cosmético?;multiple_choice;"Gap crítico é técnico, gap cosmético é comportamental|Gap crítico trava o avanço da rota hoje; gap cosmético melhora a candidatura mas não a bloqueia|Gap cosmético é mais fácil de resolver|Não há diferença — todos devem ser resolvidos ao mesmo tempo";Gap crítico trava o avanço da rota hoje; gap cosmético melhora a candidatura mas não a bloqueia;Priorizar gap crítico garante que a energia vá para o que realmente desbloqueia a rota.
;;;;;;Por que mapear gaps com base na rota escolhida e não genericamente?;multiple_choice;"Porque cada rota exige um idioma diferente|Porque o que é gap crítico para relocation pode ser cosmético para remoto — depende do que a rota exige|Porque o mercado avalia todos os profissionais da mesma forma|Porque o diagnóstico 360° já identifica os gaps automaticamente";Porque o que é gap crítico para relocation pode ser cosmético para remoto — depende do que a rota exige;Os requisitos variam por rota — mapear sem contexto gera prioridades erradas.
;Aula 4.2: Inglês Funcional Focado em Carreira;Destrua o mito do inglês perfeito e construa um plano real. Entenda o que é inglês funcional para trabalho, mapeie em quais situações você trava mais e monte mini-plano de estudo alinhado à sua rotina.;Não;Sim;Mini-Plano de Inglês Funcional — situações prioritárias, micro-objetivos e formatos de prática.;;;;
;;;;;;O que empresas americanas valorizam mais em comunicação?;multiple_choice;"Gramática perfeita e sotaque neutro|Clareza na comunicação e capacidade de colaborar — mesmo sem inglês perfeito|Vocabulário extenso e frases complexas|Certificações como TOEFL ou IELTS";Clareza na comunicação e capacidade de colaborar — mesmo sem inglês perfeito;Empresas buscam alguém que consiga comunicar resultados, não um professor de inglês.
;;;;;;Qual é o primeiro passo correto para montar um plano de inglês funcional?;multiple_choice;"Fazer curso completo de gramática avançada|Mapear em quais situações profissionais específicas você trava mais e priorizar essas|Assistir séries americanas por 6 meses|Atingir nível C1 antes de qualquer candidatura";Mapear em quais situações profissionais específicas você trava mais e priorizar essas;Foco em situações reais de trabalho acelera o resultado muito mais do que estudo genérico.
;Aula 4.3: Networking Ainda no Brasil;Você não precisa estar fora para começar. Aprenda onde encontrar as pessoas certas, como abordá-las de forma natural e tenha roteiros de mensagem para primeiro contato, follow-up e convite para call.;Não;Sim;Roteiros de Mensagem para Networking Internacional — modelos de contato com exemplos de bom e mau uso.;;;;
;;;;;;Qual é a abordagem CORRETA para um primeiro contato de networking?;multiple_choice;"Perguntar diretamente se pode indicar para uma vaga|Apresentar-se, explicar por que escolheu aquela pessoa e fazer um pedido pequeno e específico|Copiar mensagem padrão e enviar para o maior número possível|Esperar que a outra pessoa entre em contato primeiro";Apresentar-se, explicar por que escolheu aquela pessoa e fazer um pedido pequeno e específico;Personalização e pedido pequeno aumentam significativamente a taxa de resposta.
;;;;;;Por que conectar com brasileiros que já trilharam a rota é estratégico?;multiple_choice;"Porque sempre indicam vagas para outros brasileiros|Porque entendem o percurso, podem validar sua estratégia e abrir portas com contexto real|Porque têm mais tempo para responder|Porque é mais fácil conversar em português";Porque entendem o percurso, podem validar sua estratégia e abrir portas com contexto real;Quem trilhou o caminho antes tem contexto prático que nenhum conteúdo genérico substitui.
;Aula 4.4: Remoto Global como Laboratório e Vitrine;Use trabalho remoto para empresas estrangeiras como laboratório: teste inglês, entenda cultura de trabalho e construa portfólio global antes de mudar de país. Com mini-plano de 6 a 18 meses.;Não;Sim;Mini-Plano Remoto Global 6–18 meses — tipos de projeto, horas disponíveis e como registrar no resume.;;;;
;;;;;;Por que o trabalho remoto global é chamado de laboratório?;multiple_choice;"Porque é ambiente para testar modelos de negócio|Porque permite testar inglês, cultura de trabalho e portfólio internacional sem mudar de país|Porque é formato temporário sem perspectiva de evolução|Porque empresas remotas são menos exigentes";Porque permite testar inglês, cultura de trabalho e portfólio internacional sem mudar de país;Laboratório = ambiente controlado para aprender antes de arriscar mais. Remoto cumpre esse papel.
;;;;;;Qual critério deve guiar a escolha de projetos remotos?;multiple_choice;"Priorizar sempre o maior pagamento disponível|Escolher projetos alinhados à área e posição-alvo para que somem na narrativa da rota|Aceitar qualquer projeto para acumular experiência rapidamente|Focar em projetos de curto prazo para não comprometer o emprego atual";Escolher projetos alinhados à área e posição-alvo para que somem na narrativa da rota;Portfólio incoerente com a rota não ajuda — precisa contar a mesma história que o resume e o LinkedIn.
Módulo 5: Estratégias de Busca e Aplicação;;Fase T — Tração no Mercado Global. O aluno aprende onde e como buscar vagas remotas e on-site, com estratégia real de filtros, job boards e networking direcionado.;;;;;;;;;
;Aula 5.1: Vagas Remotas para Empresas dos EUA (Sem Romantizar);Existem vagas remotas para brasileiros — mas a realidade é mais complexa. Entenda os formatos disponíveis, onde encontrá-los estrategicamente e como filtrar oportunidades que realmente somam à sua rota.;Sim;Sim;Guia de Busca: Vagas Remotas para o Mercado Americano — plataformas, filtros e critérios de avaliação.;;;;
;;;;;;Qual é a afirmação mais precisa sobre vagas remotas para o mercado americano?;multiple_choice;"São abundantes para qualquer profissional com inglês básico|Existem de forma real, mas são minoria, têm competição global e exigem posicionamento estratégico|Estão disponíveis apenas para profissionais de tecnologia|São a forma mais simples de começar sem preparação";Existem de forma real, mas são minoria, têm competição global e exigem posicionamento estratégico;Realismo é fundamental — vagas existem mas exigem posicionamento diferenciado para competir globalmente.
;;;;;;Por que o remoto é chamado de ferramenta de tração e não de plano de vida inteiro?;multiple_choice;"Porque trabalho remoto será extinto em breve|Porque serve para construir portfólio e experiência — mas a rota completa geralmente inclui presença física|Porque ganhar em dólar não vale no longo prazo|Porque é impossível crescer no formato remoto";Porque serve para construir portfólio e experiência — mas a rota completa geralmente inclui presença física;Remoto é etapa estratégica de construção — não necessariamente o destino final da rota.
;Aula 5.2: Como Buscar Trabalho Já em Território Americano;Estar nos EUA e conseguir trabalho são coisas diferentes. Entenda as 3 rotas macro (relocation patrocinado, transferência interna, estudo + trabalho), onde buscar vagas on-site e como o networking entra em cena.;Não;Sim;Guia de Busca: Trabalho On-site e Híbrido nos EUA — filtros, empresas-alvo e abordagem de networking.;;;;
;;;;;;Qual rota é mais adequada para quem já está em multinacional no Brasil e quer ir para os EUA?;multiple_choice;"Relocation com visto patrocinado por empresa externa|Transferência interna — planejando o movimento dentro da própria estrutura|Estudo + trabalho como primeira opção|Busca direta de vagas on-site sem visto";Transferência interna — planejando o movimento dentro da própria estrutura;Quem já está em multinacional tem vantagem estrutural — a empresa já conhece o profissional e pode patrocinar a transferência.
;;;;;;Qual é o papel do networking do Módulo 4 na fase de busca on-site?;multiple_choice;"Perde relevância — o foco deve ser só em job boards|Torna-se base para conexões com brasileiros nos EUA, recrutadores e líderes em empresas-alvo|Serve apenas para quem ainda está no Brasil|É substituído pelo LinkedIn Premium nessa fase";Torna-se base para conexões com brasileiros nos EUA, recrutadores e líderes em empresas-alvo;Networking é cumulativo — o que foi construído no Brasil vira ativo direto na busca on-site.
Módulo 6: Primeiros 90 Dias — Cultura, Comunicação e Reputação;;Fase A — Aceleração e Adaptação. O aluno aprende as regras não escritas da cultura americana, estruturas de comunicação de alta performance e um plano de networking 30/60/90 dias para não ficar isolado.;;;;;;;;;
;Aula 6.1: Cultura de Trabalho nos EUA (Sem Romantizar);Conheça as regras não escritas da cultura americana: autonomia, accountability, comunicação direta e relação com hierarquia. Quais comportamentos brasileiros mais travam e lista personalizada de Do's and Don'ts.;Não;Sim;Mapa Cultural: Do's and Don'ts para Brasileiros nos EUA — por pilar e por área.;;;;
;;;;;;O que significa ownership na cultura de trabalho americana?;multiple_choice;"Ter participação acionária na empresa|Ser responsável pelo problema do início ao fim, sem esperar que alguém diga o que fazer|Liderar uma equipe formal|Trabalhar mais horas do que o esperado";Ser responsável pelo problema do início ao fim, sem esperar que alguém diga o que fazer;Ownership = protagonismo. Você não espera ser mandado — você identifica e resolve.
;;;;;;Qual comportamento brasileiro é mais mal interpretado na cultura americana?;multiple_choice;"Ser pontual nas entregas|Evitar conflito e não discordar — lido como falta de engajamento ou opinião|Fazer perguntas em reuniões|Pedir feedback frequente ao gestor";Evitar conflito e não discordar — lido como falta de engajamento ou opinião;Nos EUA, discordar com profissionalismo é esperado e valorizado — silêncio pode ser interpretado como desinteresse.
;Aula 6.2: Comunicação de Alta Performance em Inglês;Aprenda 20 a 30 frases-chave para as 5 situações mais recorrentes: reuniões, 1:1, e-mail, feedback e pedido de ajuda. Estruturas para discordar, pedir clareza e dar updates sem parecer inseguro.;Não;Sim;Guia de Frases: Comunicação de Alta Performance em Inglês — 30 frases por situação com checklist.;;;;
;;;;;;Qual estrutura é mais adequada para comunicar um problema sem perder o controle?;multiple_choice;"I don't know what to do with this problem|Blocking issue: [problema]. I need: [ajuda específica].|This is too hard, I need someone to take over|Esperar a próxima reunião para mencionar";Blocking issue: [problema]. I need: [ajuda específica].;Esta estrutura comunica clareza sobre o problema e pro-atividade na solução — sem drama e sem passividade.
;;;;;;Por que usar estruturas prontas de comunicação nos primeiros 90 dias é estratégico?;multiple_choice;"Demonstra que você decorou frases|Libera energia cognitiva — você não precisa improvisar gramática e pode focar no conteúdo|Recrutadores avaliam quem usa frases formais|Evita qualquer possibilidade de conflito";Libera energia cognitiva — você não precisa improvisar gramática e pode focar no conteúdo;Estruturas prontas reduzem carga mental — você pensa no conteúdo, não na forma.
;Aula 6.3: Networking Local e Interno;Isolamento é o maior risco dos primeiros meses. Aprenda a se inserir em times e comunidades locais com plano estruturado de 30/60/90 dias: coffee chats, eventos externos e mentores informais.;Não;Sim;Mini-Plano de Networking 30/60/90 Dias — metas, scripts de abordagem e checklist de relacionamentos.;;;;
;;;;;;Qual é a função principal do networking interno nos primeiros 30 dias?;multiple_choice;"Conseguir promoção rapidamente|Construir relacionamentos que aceleram curva de aprendizado e integração ao time|Demonstrar que você é extrovertido|Substituir performance com visibilidade social";Construir relacionamentos que aceleram curva de aprendizado e integração ao time;Nos primeiros 30 dias, networking interno é sobre aprender mais rápido e ser aceito pelo time.
;;;;;;Qual abordagem funciona melhor ao se apresentar em evento externo?;multiple_choice;"Estou procurando indicação para vagas — você pode ajudar?|Sou novo na cidade/área — você poderia me dar 3 dicas de quem vale conhecer aqui?|Entregar cartão e aguardar contato|Falar sobre suas conquistas para criar autoridade imediata";Sou novo na cidade/área — você poderia me dar 3 dicas de quem vale conhecer aqui?;Pedir conselho é a abertura mais eficaz — posiciona você como curioso e grato, não como alguém querendo algo imediato.
Módulo 7: Encerramento e Próximos Passos;;Módulo final do curso. O aluno aprende a identificar quando buscar suporte avançado e recebe convite para a Imersão ROTA EUA com desconto exclusivo para quem concluiu o curso.;;;;;;;;;
;Aula 7.1: Quando Faz Sentido Buscar Mentoria ou Programa Avançado;Aprenda a identificar os 4 estágios da rota e qual tipo de suporte corresponde a cada um. Com checklist para avaliar se uma mentoria ou programa realmente vale o investimento antes de decidir.;Não;Sim;Checklist de Avaliação de Mentoria/Programa — critérios para cases reais, metodologia e fit com sua fase.;;;;
;;;;;;Qual suporte é mais adequado para quem tem entrevistas mas não fecha oferta?;multiple_choice;"Refazer o curso do início|Mentoria 1:1 focada em polimento fino de entrevista e negociação|Buscar mais vagas para aumentar volume|Grupo ao vivo focado em diagnóstico de rota";Mentoria 1:1 focada em polimento fino de entrevista e negociação;Quem chega a entrevistas já superou as etapas de construção — o gargalo agora é específico e precisa de atenção personalizada.
;;;;;;O que diferencia um curso gravado de uma mentoria 1:1 na prática?;multiple_choice;"O curso é mais barato, a mentoria é mais cara — só diferença financeira|O curso entrega método geral; a mentoria entrega ajuste personalizado para a realidade específica do aluno|A mentoria substitui completamente o curso|Não há diferença prática para quem tem experiência";O curso entrega método geral; a mentoria entrega ajuste personalizado para a realidade específica do aluno;Método + personalização = combinação ideal — um não substitui o outro.
;Aula 7.2: Convite para a Imersão ROTA EUA — Execução e Estratégia Profissional;Você concluiu o curso. Esta aula é um convite direto para a Imersão ROTA EUA — programa ao vivo com 6 a 8 sessões semanais. Quem chegou até aqui garante 50% do valor do curso como desconto na inscrição.;Não;Sim;Formulário de inscrição para a Imersão ROTA EUA — disponível abaixo desta aula.;;;;
